{
  "depth_scaling": {
    "exponential_base": 2.3230722691133363,
    "r_squared": 0.9173786724950153,
    "p_value": 0.0026338245035234533,
    "growth_type": "exponential"
  },
  "control_point_scaling": {
    "exponent": 0.5529932369779806,
    "r_squared": 0.9208633486282741,
    "p_value": 7.903621815316504e-07,
    "complexity_class": "Linear"
  },
  "memory_scaling": {
    "memory_per_control_point": 2.4856531795215334e-05,
    "r_squared": 0.9951921550357288,
    "base_memory_mb": 8.117914410046907
  },
  "efficiency": {
    "optimal_depth": 1,
    "best_throughput": 44236172.98059798,
    "depth_efficiency_trend": {
      "1": 44236172.98059798,
      "2": 22968034.98795661,
      "3": 12683786.53897097,
      "4": 5474517.96177589,
      "5": 1606170.5017607978,
      "6": 261730.25435519876
    }
  }
}